{
 "id": "418803",
 "text": "This is a list of North American telephone area codes in effect for the North American Numbering Plan (NANP). The area to which an area code is officially assigned is known as a Numbering Plan Area (NPA). An area code is part of a telephone number in the United States, Canada, and the Caribbean. It is the part of the telephone number after the country code. For example, in the number 1-562-555-5555, the 1 is the country code (for the United States), and 562 is the area code. An area code is typically assigned to a state, city or region. The area codes range from 200 to 999. Sometimes, an additional area code will be added to an area. This is called an overlay. ==United States== The following is a list of area codes in the United States, with some of the major cities that use that area code. Sometimes two or three codes are assigned to the same area. State Codes Alabama * 205 (Birmingham, Tuscaloosa) * 251 (Mobile, Jackson, Gulf Shores) * 256/938 (Huntsville, Anniston, Florence) * 334 (Montgomery, Dothan, Selma) Alaska * 907 (all of Alaska) Arizona * 480 (Mesa, Scottsdale, Tempe) * 520 (Tucson, Nogales, Bisbee) * 602 (Phoenix) * 623 (Glendale, Sun City, Peoria) * 928 (Flagstaff, Yuma, Prescott) Arkansas * 479 (Fayetteville, Fort Smith) * 501 (Little Rock, Hot Springs) * 870 (Pine Bluff, Jonesboro, Texarkana) California * 209 (Stockton, Modesto, Merced) * 213 (Los Angeles (Downtown)) * 310/424 (Santa Monica, Torrance, West Los Angeles) * 323 (Los Angeles (Hollywood, Crenshaw, East LA)) * 408/669 (San Jose, Gilroy, Sunnyvale) * 415 (San Francisco, San Rafael, Novato) * 510 (Oakland, Fremont, Berkeley) * 530 (Redding, Davis, Chico) * 559 (Fresno, Visalia, Madera) * 562 (Long Beach, Whittier, Norwalk) * 619 (San Diego (Downtown), Chula Vista, El Cajon) * 626 (Pasadena, West Covina, El Monte) * 650 (San Mateo, Palo Alto, Daly City) * 661 (Bakersfield, Lancaster, Santa Clarita) * 707 (Santa Rosa, Eureka, Fairfield) * 714/657 (Anaheim, Santa Ana, Fullerton) * 760/442 (Palm Springs, Barstow, Bishop) * 805 (Ventura, Santa Barbara, San Luis Obispo) * 818/747 (Burbank, San Fernando, Van Nuys) * 831 (Monterey, Santa Cruz, Salinas) * 858 (Solana Beach, La Jolla, Poway) * 909 (San Bernardino, Pomona, Ontario) * 916 (Sacramento, Roseville, Elk Grove) * 925 (Concord, Livermore, Antioch) * 949 (Irvine, Mission Viejo, Newport Beach) * 951 (Riverside, Temecula, Corona) Colorado * 303/720 (Denver, Boulder, Aurora) * 719 (Colorado Springs, Pueblo) * 970 (Grand Junction, Fruita, Mack, Loma, Palisade, Clifton, Fruitvale, Redlands, Fort Collins, Aspen, Durango) Connecticut * 203/475 (Bridgeport, New Haven, Stamford) * 860 (Hartford, New London, Waterbury) Delaware * 302 (all of Delaware) District of Columbia * 202 (Washington, DC) * 710 (US Government) Florida * 239 (Fort Myers, Naples) * 305/786 (Miami, Key West) * 321 (Melbourne, Orlando Overlay) * 352 (Gainesville, Ocala) * 386 (Daytona Beach, Lake City) * 407/321 (Orlando, Sanford) * 561 (West Palm Beach, Boca Raton) * 727 (Saint Petersburg, Clearwater) * 772 (Fort Pierce, Vero Beach) * 813 (Tampa) * 850 (Tallahassee, Pensacola, Panama City) * 863 (Lakeland, Clewiston) * 904 (Jacksonville, Saint Augustine) * 941 (Sarasota, Punta Gorda) * 954/754 (Fort Lauderdale, Hollywood) Georgia * 229 (Albany, Valdosta) * 404/678/470 (Atlanta) * 478 (Macon, Dublin) * 706/762 (Augusta, Columbus, Athens) * 770/678/470 (Marietta, Stockbridge) * 912 (Savannah, Waycross) Hawaii * 808 (all of Hawaii) Idaho * 208 (all of Idaho) Illinois * 217 (Springfield, Champaign, Decatur) * 309 (Peoria, Bloomington, Moline) * 312 (Chicago Loop) * 618 (Carbondale, East St. Louis) * 630/331 (Aurora, Naperville) * 708/464 (Cicero, Oak Park, Chicago Heights) * 773 (Chicago (excluding the Loop)) * 815/779 (Rockford, Joliet) * 847/224 (Waukegan, Evanston, Elgin) Indiana * 219 (Gary, Hammond) * 260 (Fort Wayne, Wabash, Angola) * 317 (Indianapolis) * 574 (South Bend, Elkhart) * 765 (Kokomo, Lafayette, Muncie) * 812/930 (Evansville, Terre Haute, Bloomington) (overlay planned; 10-digit local dialing mandatory in September 2014) Iowa * 319 (Waterloo, Cedar Rapids, Iowa City) * 515 (Des Moines, Ames, Fort Dodge) * 563 (Davenport, Dubuque) * 641 (Mason City, Ottumwa, Grinell) * 712 (Sioux City, Council Bluffs) Kansas * 316 (Wichita, Newton) * 620 (Dodge City, Emporia, Hutchinson) * 785 (Topeka, Salina, Manhattan) * 913 (Kansas City, Olathe, Overland Park) Kentucky * 270/364 (Bowling Green, Owensboro, Elizabethtown, Paducah) * 502 (Louisville, Georgetown, Frankfort) * 606 (Ashland, Somerset, Middlesboro, Pikeville) * 859 (Lexington, Covington, Richmond) Louisiana * 225 (Baton Rouge, Donaldsonville) * 318 (Shreveport, Monroe, Alexandria) * 337 (Lafayette, Lake Charles) * 504 (New Orleans) * 985 (Houma, Hammond, Slidell) Maine * 207 (all of Maine) Maryland * 301/240 (College Park, Hagerstown, Cumberland) * 410/443 (Baltimore, Annapolis, Salisbury) Massachusetts * 413 (Springfield, Pittsfield, Greenfield) * 508/774 (New Bedford, Worcester, Nantucket) * 617/857 (Boston, Cambridge) * 781/339 (Waltham, Lynn) * 978/351 (Lowell, Salem, Fitchburg) Michigan * 231 (Muskegon, Traverse City) * 248/947 (Oakland County, including Pontiac and Troy) * 269 (Kalamazoo, Battle Creek) * 313 (Detroit) * 586 (Warren) * 616 (Grand Rapids, Holland) * 517 (Lansing, Jackson) * 734 (Ann Arbor, Monroe) * 810 (Flint, Port Huron) * 906 (Sault Ste. Marie, Marquette) * 989 (Saginaw, Mount Pleasant) Minnesota * 218 (Duluth, Moorhead, International Falls) * 320 (Saint Cloud, Morris) * 507 (Rochester, Mankato) * 612 (Minneapolis) * 651 (St. Paul) * 763 (Anoka, Brooklyn Park) * 952 (Bloomington, Chasaka) Mississippi * 228 (Biloxi, Gulfport) * 601/769 (Jackson, Meridian, Hattiesburg) * 662 (Tupelo, Greenville, Columbus) Missouri * 314 (St. Louis, Kirkwood) * 417 (Springfield, Joplin, Branson) * 573 (Jefferson City, Cape Girardeau, Columbia) * 636 (St. Charles, Florissant) * 660 (Sedalia, Kirksville) * 816 (Kansas City, St. Joseph) Montana * 406 (all of Montana) Nebraska * 308 (Grand Island, North Platte, Scottsbluff) * 402/531 (Omaha, Lincoln) Nevada * 702/725 (Las Vegas, Henderson) * 775 (Reno, Carson City, Elko) New Hampshire * 603 (all of New Hampshire) New Jersey * 201/551 (Hackensack, Jersey City, Hoboken) * 609 (Atlantic City, Trenton) * 732/848 (New Brunswick, Long Branch) * 856 (Camden, Millville) * 908 (Elizabeth, Plainfield) * 973/862 (Newark, Paterson, Morristown) New Mexico * 505 (Albuquerque, Santa Fe, Farmington) * 575 (Las Cruces, Roswell, Tucumcari) North Carolina * 252 (Rocky Mount, Greenville) * 336 (Greensboro, Winston-Salem) * 704/980 (Charlotte, Gastonia) * 828 (Asheville, Hickory) * 910 (Wilmington, Fayetteville) * 919/984 (Raleigh, Durham) North Dakota * 701 (all of North Dakota) New York * 212/917/646 (NYC- Manhattan) * 315 (Syracuse, Utica) * 516 (Nassau County, including Hempstead and Elmont) * 518 (Albany, Schenectady, Plattsburgh) * 585 (Rochester, Batavia) * 607 (Binghamton, Elmira) * 631 (Suffolk County, including Riverhead, Islip, and Brentwood) * 716 (Buffalo, Niagara Falls, Jamestown) * 718/917/347 (NYC-Brooklyn, Queens, Bronx, Staten Island) * 845 (Poughkeepsie, Newburgh, Nyack) * 914 (White Plains, Yonkers) Ohio * 216 (Cleveland) * 330/234 (Akron, Canton, Youngstown) * 419/567 (Toledo, Mansfield, Sandusky) * 440 (Elyria, Ashtabula) * 513 (Cincinnati, Lebanon) * 614 (Columbus) * 740 (Zanesville, Portsmouth, Steubenville) * 937 (Dayton, Springfield) Oklahoma * 405 (Oklahoma City, Stillwater) * 580 (Enid, Lawton) * 918/539 (Tulsa, Muskogee, Bartlesville) Oregon * 503/971 (Portland, Salem, Astoria) * 541 (Eugene, Medford, Bend, Pendleton) Pennsylvania * 215/267 (Philadelphia) * 412/878 (Pittsburgh, McKeesport) * 570/272 (Scranton, Wilkes-Barre) * 610/484 (Allentown, Reading, Norristown) * 717 (Harrisburg, Lancaster, York) * 724/878 (New Castle, Indiana) * 814 (Erie, Altoona) Rhode Island * 401 (all of Rhode Island) South Carolina * 803 (Columbia, Aiken, Rock Hill) * 843 (Charleston, Florence, Myrtle Beach) * 864 (Greenville, Spartanburg) South Dakota * 605 (all of South Dakota) Tennessee * 423 (Chattanooga, Johnson City) * 615 (Nashville) * 731 (Jackson, Milan) * 865 (Knoxville) * 901 (Memphis) * 931 (Clarksville, Columbia) Texas * 210 (San Antonio) * 214/972/469 (Dallas, Plano) * 254 (Waco, Killeen, Stephenville) * 325 (Abilene, San Angelo) * 361 (Corpus Christi, Victoria) * 409 (Beaumont, Galveston) * 432 (Midland, Odessa, Alpine) * 512 (Austin, San Marcos) * 713/281/832/346 (Houston) * 817/682 (Fort Worth, Arlington) * 830 (Del Rio, Fredericksburg) * 903/430 (Tyler, Texarkana) * 915 (El Paso) * 936 (Lufkin, Huntsville) * 940 (Wichita Falls, Denton) * 956 (Brownsville, Laredo) * 979 (College Station, Angleton) Utah * 435 (Cedar City, Logan, Moab) * 801/385 (Salt Lake City, Ogden, Provo) Vermont * 802 (all of Vermont) Virginia * 276 (Bristol, Wytheville) * 434 (Charlottesville, Danville) * 540 (Roanoke, Fredericksburg, Blacksburg, Harrisonburg) * 703/571 (Arlington, Alexandria, Manassas) * 757 (Norfolk, Virginia Beach, Chesapeake, Williamsburg) * 804 (Richmond, Petersburg) Washington * 206 (Seattle) * 253 (Tacoma, Auburn) * 360 (Olympia, Vancouver, Bellingham) * 425 (Bellevue, Everett) * 509 (Spokane, Yakima, Pasco) West Virginia * 304/681 (all of West Virginia) Wisconsin * 262 (Racine, Kenosha, Waukesha) * 414 (Milwaukee) * 608 (Madison, Prairie du Chien) * 715 (Wausau, Eau Clare) * 920 (Green Bay, Oshkosh) Wyoming * 307 (all of Wyoming) ==Canada== The following is a list of area codes in Canada, with the major cities that use that area code. In Canada, some provinces share area codes. Sometimes two or three codes are assigned to the same area. Province / Territory Codes (italics not yet active) Alberta * 403/587 (Calgary, Lethbridge, Medicine Hat) * 780/587 (Edmonton, Fort McMurray) British Columbia * 250/778/236 (Vancouver Island & Outside Fraser Valley) * 604/778/236 (Lower Mainland & Fraser Valley) Manitoba * 204/431 (all of Manitoba) New Brunswick * 506 (all of New Brunswick) Newfoundland and Labrador * 709 (all of Newfoundland and Labrador) Nova Scotia * 902/782 (all of Nova Scotia) (overlay to begin November 30, 2014) Ontario * 416/647/427/942(Toronto) * 519/226/548/382(Southwestern Ontario) * 613/343/753 (Ottawa, Kingston) * 705/249/683 (Sudbury, Sault Ste. Marie, North Bay) * 807 (Thunder Bay, Kenora) * 905/289/365/742 ( GTA ) Prince Edward Island * 902/782 (all of PEI) (overlay to begin November 30, 2014) Quebec * 418/581/367 (Will be in-use starting in November 2018) (Quebec City, Rimouski, Chicoutimi) * 450/579 (South shore and north shore of Montreal) i.e. Laval, Longueuil * 514/438 (Island of Montreal) * 819/873 (Sherbrooke, Trois-Rivieres, Gatineau area [From the Ontario Border up to Papineauville following the Ottawa River] and (part of) Abitibi-Témiscamingue) Saskatchewan * 306/639 (all of Saskatchewan) Yukon, Northwest Territories, and Nunavut * 867 (all three territories) ==Caribbean and Bermuda== Nation / Territory Codes Anguilla 264 Antigua and Barbuda 268 The Bahamas 242 Barbados 246 Bermuda 441 British Virgin Islands 284 Cayman Islands 345 Dominica 767 Dominican Republic 809, 829, 849 Grenada 473 Jamaica 876 Montserrat 664 Puerto Rico 787, 939 Saint Kitts and Nevis 869 Saint Lucia 758 Saint Vincent and the Grenadines 784 Sint Maarten 721 Trinidad and Tobago 868 Turks and Caicos Islands 649 U.S. Virgin Islands 340 ==U.S. Pacific Territories== Territory Codes American Samoa 684 Guam 671 Northern Mariana Islands 670 ==NANP non-geographic== Use Codes Canada special services 600 Inbound international 456 Interexchange carrier services 700 Personal Communications Service 500, 521, 522, 523, 524, 525, 526, 527, 528, 529, 532, 533, 538, 542, 543, 544, 545, 547, 549, 552, 553, 554, 556, 566, 569, 577, 578, 588, 589 Premium call services 900 Toll-free 800, 822, 833, 844, 855, 866, 877, 880, 881, 882, 883, 884, 885, 886, 887, 888, 889 US government 710 ==References== ==Other websites== * List of area codes in Canada - Accessed April 13, 2013 Category:Telephone numbers in Canada Category:Telephone numbers in the United States Category:Canada-related lists Category:United States-related lists North American Numbering Plan",
 "title": "List of North American Numbering Plan area codes"
}